问题描述,归属模块,图像展示,负责人,重要程度,创建人,解决情况,验收结果,创建时间
小区审核页面“是否为房主”部分展示存在疑惑：用户点击自己为房主创建时提交的请求在物业端查看显示为不是户主,物业端,"Screen Recording 2026-01-03 at 01.23.56.mov,image.png",,严重紧急,杨兴辉,已解决，待审核,通过，任务关闭,2025/12/21
用户在已经绑定两个小区的情况下点击通过邀请码加入家庭仍能够进入对应流程，此部分需要有拦截UI，防止出现关联性bug,客户端,image.png,,严重紧急,杨兴辉,已解决，待审核,通过，任务关闭,2025/12/21
消费金发放：多用户发放上限设置应该也由管理端设置,物业端,image.png,,严重紧急,杨兴辉,无法复现,通过，任务关闭,2025/12/21
物业端不具备消费金手动发放能力,物业端,,,严重紧急,杨兴辉,已解决，待审核,通过，任务关闭,2025/12/21
下单界面“到自提点自提”部分应该为选择自提点，应该取消上方输入收货地址的设置,客户端,image.png,,严重紧急,杨兴辉,已解决，待审核,通过，任务关闭,2025/12/21
客户端结算完毕后购物车页面存在错误数据展示：商品消失但结算栏价格仍旧展示,客户端,image.png,,严重紧急,杨兴辉,已解决，待审核,通过，任务关闭,2025/12/21
消费金抵扣逻辑存在问题：应该优先抵扣临近过期的消费金,客户端,image.png,,严重紧急,杨兴辉,已解决，待审核,通过，任务关闭,2025/12/21
客户端子标签排序存在问题，用户不易找到子栏商品,客户端,image.png,,严重紧急,杨兴辉,已解决，待审核,通过，任务关闭,2025/12/21
消费完成后聚惠金未到账，无法进行后续测试,客户端,image.png,,严重紧急,杨兴辉,已解决，待审核,通过，任务关闭,2025/12/21
客户端购物车删除按键被商品名称文字遮挡,客户端,"image.png,image.png",,下一阶段待办,杨兴辉,已解决，待审核,通过，任务关闭,2025/12/21
商家端app执行提现操作页面未正确接入可提现的金额数据,商家端,mmexport1768822146932.mp4,,严重紧急,杨兴辉,已解决，待审核,待验收,2026/01/19
客户端绑定小区页面定位选择展示弱，用户交互体验差，不易找到定位操作触发交互&定位数据未与首页同步，需要用户额外操作,客户端,"image.png,image.png",,阶段性优先解决,杨兴辉,已解决，待审核,通过，任务关闭,2025/12/21
客户端小区绑定状态展示字段具有误导性，待审核的小区错误展示为“已绑定”，容易造成客户误判,客户端,image.png,,阶段性优先解决,杨兴辉,已解决，待审核,通过，任务关闭,2025/12/21
管理端手动发放消费金能力查看用户余额数据错误，应为真实数据，用户列表部分为正确的数据,管理端,"image.png,image.png",,严重紧急,杨兴辉,已解决，待审核,通过，任务关闭,2025/12/21
自提点选择用户体验弱，无法搜到对应小区的自提点,客户端,image.png,,阶段性优先解决,杨兴辉,已解决，待审核,通过，任务关闭,2025/12/21
商户管理重置密码显示参数错误,管理端,image.png,,阶段性优先解决,杨兴辉,已解决，待审核,通过，任务关闭,2025/12/21
订单详情中没有收货人信息,商家端,image.png,,阶段性优先解决,杨兴辉,已解决，待审核,通过，任务关闭,2025/12/21
订单详情的实付款金额显示错误，容易引起用户误判,客户端,image.png,,阶段性优先解决,杨兴辉,已解决，待审核,通过，任务关闭,2025/12/21
分账任务自动执行失败，此功能需要进行修复，报错信息：[Invalid `tx.propertyBusinessAccount.update()` invocation in /root/3523/backend/owner-platform/src/modules/profit-sharing/profit-sharing-task.service.ts:1017:40 1014 } 1015 1016 const newBalance = Number(businessAccount.balance) + pickupAmount; → 1017 await tx.propertyBusinessAccount.update( An operation failed because it depends on one or more records that were required but not found. Record to update not found.],管理端,"image.png,image.png",,严重紧急,杨兴辉,已解决，待审核,通过，任务关闭,2025/12/22
用户聚惠金数额错配（存在余额为0的情况下累计发放不等于累计使用的问题），聚惠金管理存在大量信息错误，相关任务已驳回，详情请看视频。2026年1月10日问题已与其他聚惠金问题合并，该任务关闭。,管理端,"Screen Recording 2026-01-05 at 14.14.44.mov,20251231-0316-32.7733397.mp4,image.png",,严重紧急,杨兴辉,已解决，待审核,通过，任务关闭,2025/12/22
专管账户聚惠金存在负值，需要检查逻辑,管理端,image.png,,严重紧急,杨兴辉,已解决，待审核,通过，任务关闭,2025/12/22
商家聚惠金冻结金额存在复数，存在明显数据安全漏洞,管理端,image.png,,严重紧急,杨兴辉,已解决，待审核,通过，任务关闭,2025/12/22
聚惠金管理存在过多异常预警，且异常处理操作默认为点击即处理完毕，存在安全风险。2026年1月10日：已成功解决绝大多数错误，但聚惠金托管账户对账仍报错，同时风险处置完毕后要展示处理信息和处理时间以供管理员回溯[详情请查看附件前两个图片和视频]。,管理端,"Screen Recording 2026-01-12 at 02.13.50.mov,1768052725501.jpg,20260110-1351-04.0484643.mp4,Screen Recording 2026-01-01 at 02.31.16.mov,image.png,image.png",,严重紧急,杨兴辉,已解决，待审核,通过，任务关闭,2025/12/22
商户端删除商品以后管理端删除商品触发报错，商品无法正常删除[可能和商品曾经有过订单有关，其他无订单商品可以随意删除],管理端,image.png,,严重紧急,杨兴辉,已解决，待审核,通过，任务关闭,2025/12/22
商品一键导入字段适配[需要处理jason解码问题（尤其是多规格情况下示例表格无法实现超过两个规格的情况），对csv不存在的字段设置为门店端UI输入],商家端,"商品批量导入模板1 的副本.xlsx,image.png",,严重紧急,杨兴辉,已解决，待审核,待验收,2025/12/22
注册流程经营类目杂乱，需要移除不应出现的类型（比如物业公司和自提点），并为对应的端口设置相匹配的注册流程,"商家端, 物业端, 自提点端, 骑手端",image.png,,严重紧急,杨兴辉,已解决，待审核,通过，任务关闭,2025/12/22
聚惠金设置体验差，建议进行详细的说明（如默认所有商品全额抵扣还是可选商品，这里不选择后面入驻以后能不能选择）.2026年1月12日：二次驳回，请写明“这里选择不开启的话后面入驻以后能不能选择开启，如何开启”,商家端,image.png,,严重紧急,杨兴辉,已解决，待审核,通过，任务关闭,2025/12/22
系统设置中的“二金配置”没有设置正确的数据展示,管理端,image.png,,阶段性优先解决,杨兴辉,已解决，待审核,通过，任务关闭,2025/12/22
商家端删除商品后管理平台商品未删除/隐藏,商家端,image.png,,阶段性优先解决,杨兴辉,已解决，待审核,通过，任务关闭,2025/12/22
管理端删除商品商家端同样无法同步删除/隐藏[可能为数据库表单未同步问题],管理端,image.png,,阶段性优先解决,杨兴辉,已解决，待审核,通过，任务关闭,2025/12/22
商家端查询分账记录输入日期范围后返回空数据,商家端,20251222-0333-17.3819077.mp4,,阶段性优先解决,杨兴辉,无法复现,通过，任务关闭,2025/12/22
商户注册流程行政区号查询繁琐，需要进行优化,商家端,image.png,,阶段性优先解决,杨兴辉,已解决，待审核,通过，任务关闭,2025/12/22
商铺简介在后端为必选项，但是前端没有进行必填标识,商家端,image.png,,阶段性优先解决,杨兴辉,已解决，待审核,通过，任务关闭,2025/12/22
物业端消费金发放需要添加消费金过期规则的设置，方便物业用户应对不同的情况,物业端,"Screen Recording 2026-01-03 at 01.51.32.mov,049050c6e1bf73c4fe772d3a59a7cc9.png",,严重紧急,杨兴辉,已解决，待审核,通过，任务关闭,2025/12/23
物业端消费金超额发放规则错误：针对单个用户消费金周期内累计发放若超过设定的最大值则应将超出部分视作超额发放消费金，若使用现有逻辑需要与客户二次确认,物业端,"Screen Recording 2026-01-04 at 00.11.54.mov,43b6e5490b7709a4ef715a494b11a9d.png",,严重紧急,杨兴辉,已解决，待审核,通过，任务关闭,2025/12/23
商户端商品发布流程闪送费用为商家输入设置，与实际场景存在割裂，需要与客户沟通是否确认使用此类设计,商家端,image.png,,严重紧急,杨兴辉,已解决，待审核,通过，任务关闭,2025/12/23
服务器存在明显性能问题，可能无法支撑大批量客户涌入预测一分钟内同时服务峰值为20-40人,客户端,image.png,杨兴辉,严重紧急,杨兴辉,已解决，待审核,通过，任务关闭,2025/12/23
客户端分享能力（包括分享到朋友圈、聊天）未打通，此功能为推广必要功能点,客户端,image.png,,严重紧急,杨兴辉,已解决，待审核,通过，任务关闭,2025/12/23
超值拼团板块卡片交互无响应且点击更多后内外层级商品数量和内容明显不一致,客户端,image.png,,等待排期,杨兴辉,未解决,待验收,2025/12/23
超值拼团板块似乎没有进行商品的地域划分，可能导致用户跨区域下单的问题,客户端,,,等待排期,杨兴辉,未解决,待验收,2025/12/23
商品搜索栏也没有做地域划分，同样可能出现用户跨区下单问题,客户端,image.png,,下一阶段待办,杨兴辉,已解决，待审核,通过，任务关闭,2025/12/23
客户端商品搜索栏返回/取消按键与关闭小程序按键重合，容易造成误触退出小程序,客户端,image.png,,下一阶段待办,杨兴辉,已解决，待审核,通过，任务关闭,2025/12/23
客户端需要隐藏webview滚动条，现有展示易影响用户体验,客户端,20251223-0535-44.6561136.mp4,,下一阶段待办,杨兴辉,已解决，待审核,通过，任务关闭,2025/12/23
客户端帖子部分评论无法正常展示,客户端,image.png,,等待排期,杨兴辉,未解决,待验收,2025/12/23
客户端消费金使用记录中不应该展示消费金获取情况，若消费金过期自动扣除可以在此板块展示，现在的过期自动扣除文字记录为“购物抵扣”，明显不符合要求,客户端,"image.png,509e6f6d4598e2136b24634aa75eeac.png",,严重紧急,杨兴辉,已解决，待审核,通过，任务关闭,2025/12/23
"【关于快速通过小程序审核的操作】
1、小程序类目必须删除“社交”类内容，防止默认触发监管方审核
2、小程序代码直接移除“邻里互助”板块（包括圆形icon入口）
3、请为小程序添加“有新版本自动请求重启”功能，方便用户快速获取最新小程序版本
对应代码需要另行存储保留好方便下一阶段提交",客户端,,,严重紧急,杨兴辉,已解决，待审核,通过，任务关闭,2025/12/24
骑手端客服电话应该更正为正确的客服电话13054064785,骑手端,img_v3_02t9_18a89c5d-a510-445e-9bb1-3d84d09d199g.jpg,,严重紧急,杨兴辉,已解决，待审核,通过，任务关闭,2025/12/24
点击申请合作后的逻辑需要优化，首先是选择角色（我是商家，我是物业==），然后是对应角色的申请入口（入口应该是下载APP的二维码+后台地址连接）提交注册资料。这个需要记录，需要排MVP后面,客户端,,,严重紧急,杨兴辉,已解决，待审核,通过，任务关闭,2025/12/24
客户端如果出现“token无效或已过期”的状态，则应该立即退出登录并引导用户重新登录防止用户产生疑惑,客户端,image.png,,严重紧急,杨兴辉,已解决，待审核,通过，任务关闭,2025/12/24
商家端进件状态和返回内容应该严格对应并针对不同状态作出更细致的状态机设置和快捷处理操作，防止用户产生疑惑,商家端,1e27bef0e7b509ebaa23d109de99329.png,,严重紧急,杨兴辉,已解决，待审核,通过，任务关闭,2025/12/24
服务时间段设置不合理，应该让商户能够自由设置服务时间段，尤其针对夜间服务场景（比如上门按摩、夜间陪护等）,商家端,image.png,,严重紧急,杨兴辉,已解决，待审核,通过，任务关闭,2025/12/24
管理端进件功能，后台审核看不到执照信息，需要配置打开图片看全图放大核对细节的功能,管理端,"image.png,image.png",,下一阶段待办,杨兴辉,已解决，待审核,通过，任务关闭,2025/12/24
骑手端定位权限请求过早，不符合最小权限规范，应该在登录进入主界面之后进行请求。2026年1月15日：定位权限没有做任何修正，审核驳回,骑手端,"Screenrecorder-2026-01-15-22-10-49-408.mp4,image.png",,阶段性优先解决,杨兴辉,已解决，待审核,驳回，需要重新修改,2025/12/24
H5 push导入缺失容易造成用户疑惑，需要进行隐藏,骑手端,image.png,,严重紧急,杨兴辉,技术债,待验收,2025/12/24
管理端“修改商家地址操作”位置应该从“商家审核”区域迁移到商家列表的查看商家详情区域,管理端,image.png,,下一阶段待办,杨兴辉,已解决，待审核,通过，任务关闭,2025/12/24
管理端地区搜索功能未实现,管理端,image.png,,下一阶段待办,杨兴辉,已解决，待审核,通过，任务关闭,2025/12/24
"小黑记不住:
[视频]

小黑记不住:
管理后台后期为商家设置“服务商家”类型后商家侧实际没有获取到相应权限",管理端,20251224-1504-45.8538779.mp4,,下一阶段待办,杨兴辉,已解决，待审核,通过，任务关闭,2025/12/24
管理后台与骑手端接单范围不匹配,"骑手端, 管理端","img_v3_02t9_cdecf6e0-2765-48c6-94d8-60d57f57f37g.jpg,image.png",,阶段性优先解决,杨兴辉,已解决，待审核,通过，任务关闭,2025/12/24
商家端上架商品时商品分类需要能够多选,商家端,"Screen Recording 2026-01-10 at 16.37.50.mov,e7fca0c7fa1faffe100ec066ea289ce.png",,阶段性优先解决,杨兴辉,已解决，待审核,通过，任务关闭,2025/12/24
预约服务确认支付，点击之后，没有触发实际的支付流程，但是被系统默认设置为已支付，需要取消沙盒环境,客户端,6112475465966d6d44f694d5f0a5b76.jpg,,严重紧急,杨兴辉,已解决，待审核,通过，任务关闭,2025/12/25
服务结束后没有付尾款流程,客户端,"Screen Recording 2026-01-01 at 03.00.15.mov,5869931ccaac0447ef6f7d3b48aa7bf.jpg",,严重紧急,杨兴辉,已解决，待审核,通过，任务关闭,2025/12/25
周期性服务明显脱离需求，需要按照夜间会议情况进行调整.2025年12月31日：周期性服务入口混乱，旧有错误代码未删除，审核驳回,客户端,"Screen Recording 2026-01-01 at 03.12.21.mov,b9ac938299c7cd2ec9c8f887c45f87bf.mp4,0ae8fef6bda6dfde22437934a170c25.jpg",,严重紧急,杨兴辉,已解决，待审核,通过，任务关闭,2025/12/25
商家进件状态展示和实际状态不一致，同时应该有快捷筛选：异常商家、正常商家，并能够明确的看出该商家到底为企业还是个体工商户还是个人,管理端,8a62dc81ac22784c7d6799948cda227.png,,严重紧急,杨兴辉,已解决，待审核,通过，任务关闭,2025/12/25
用户取消订单以后退款没有自动到账,"客户端, 商家端",20251226-0421-21.8243822.mp4,,严重紧急,杨兴辉,已解决，待审核,通过，任务关闭,2025/12/25
管理端需要添加一个带有文本输入二级确认的商户删除操作按键，实现对已经清退的商户的删除操作（注意数据库要实现级联删除）,管理端,b2316523e689faa20dc391a17fcd10e.png,,阶段性优先解决,杨兴辉,已解决，待审核,通过，任务关闭,2025/12/25
新版本小程序搜索功能无法正确实现,客户端,20251225-1531-32.6594987.mp4,,阶段性优先解决,杨兴辉,已解决，待审核,通过，任务关闭,2025/12/25
客户端结算页面应对库存不足的情况购物车做了拦截但是上方勾选区域未进行限制，可能会让用户产生疑惑,客户端,img_v3_02t9_c3c3a966-1e30-4a73-a666-0d76b9da99bg.jpg,,阶段性优先解决,杨兴辉,已解决，待审核,通过，任务关闭,2025/12/25
可选择的约服日期和商家设置的可服务的截止日期不相符。2026年1月15日：截止日期明显匹配错误,客户端,"IMG_20260115_223254.jpg,飞书20260112-201251.mp4,Screen Recording 2026-01-10 at 16.42.17.mov,img_v3_02ta_fcce6c56-178a-4dba-9225-2411f8a3790g.jpg",,阶段性优先解决,杨兴辉,已解决，待审核,驳回，需要重新修改,2025/12/25
商家端确认接单以后无法操作取消订单，状态机不完整,商家端,image.png,,阶段性优先解决,杨兴辉,已解决，待审核,通过，任务关闭,2025/12/25
商户端打印机功能仍未实现，需要参考原有代码完整实现打印功能。2026年1月1日：小票缺少用户信息、配送方式乱码、需要显示备注信息，小票中的二维码直接删去。2026年1月7日二次驳回，最新版本仍然存在“配送方式”的英文乱码、无法显示收件人联系方式的问题。2026年1月12日：客户要求商品名称介绍需頫眼要全部展现出来,商家端,"f606f9f65bd8fb941e49071138d800f.png,8162720062234d7c324ef3fedbb07e6.jpg,Screen Recording 2026-01-02 at 17.33.38.mov,ac2ec4f3b59a0df582440a2c7f096ed.jpg,82fbf8dee83f80916d4b593d478f300.jpg",,严重紧急,杨兴辉,已解决，待审核,驳回，需要重新修改,2025/12/26
订单管理的“取消订单”和个人商户的“退款”操作功能未完整实现。2026年1月1日：商户在接单后无法操作退款，客户在未签收前可以退款,商家端,"Screen Recording 2026-01-02 at 17.14.12.mov,20260101-1014-29.5451658.mp4,647b9b3a70ac8289d11c2a53e1154f1.png",,严重紧急,杨兴辉,已解决，待审核,通过，任务关闭,2025/12/26
物业端手动添加&使用excel表单导入暂时没有入驻小区的用户的缴费信息后，缴费记录中没有创建的代缴费的信息,物业端,"Screen Recording 2026-01-01 at 02.49.25.mov,20251231-0213-44.4612304.mp4,image.png",,严重紧急,杨兴辉,已解决，待审核,通过，任务关闭,2025/12/26
物业端追加发放消费金需要能够独立设置过期时间,物业端,"Screen Recording 2026-01-03 at 01.51.32.mov,image.png",,严重紧急,杨兴辉,已解决，待审核,通过，任务关闭,2025/12/26
"物业端消费金发放存在灾难级bug,可以为单个用户无限制刷取消费金",物业端,"image.png,20251226-1355-30.5743769.mp4",,严重紧急,杨兴辉,已解决，待审核,通过，任务关闭,2025/12/26
@w 聚惠金逻辑还没修好吗？我这边订单完成后聚惠金依旧没有入账,"客户端, 管理端, 商家端",,,严重紧急,杨兴辉,已解决，待审核,通过，任务关闭,2025/12/26
正在配送的骑手的在线状态不正确,商家端,image.png,,下一阶段待办,杨兴辉,已解决，待审核,待验收,2025/12/26
个人商户绑定微信的二维码展示时间过短，无法正常实现绑定微信操作,商家端,240ec2334b9423a9d4530a834d4a839.png,,阶段性优先解决,杨兴辉,已解决，待审核,通过，任务关闭,2025/12/26
物业端向用户发送提醒客户端和客户微信没有收到任何信息,物业端,image.png,,阶段性优先解决,杨兴辉,已解决，待审核,待验收,2025/12/26
物业端进件的二次进件请求需要和商家端一样可以重新编辑提交，这个工作最晚在明天3点之前完成,物业端,,,严重紧急,杨兴辉,已解决，待审核,暂未遇到触发条件,2025/12/27
消费金抵扣被系统认定成了聚惠金，此问题为严重问题,商家端,"image.png,image.png",,严重紧急,何新军,已解决，待审核,通过，任务关闭,2025/12/27
商家端分账详情页面展示字段进行调整,商家端,"20251231-0242-39.5206798.mp4,316778b580dfa18aea837b02fd0a2de.png",,严重紧急,杨兴辉,已解决，待审核,通过，任务关闭,2025/12/27
分账功能实现打通，分佣设置分账类型和参与方均有缺少.2026年1月12日：驳回，分佣角色没有做到与图片严格对应。2026年1月15日：驳回，请严格对照表格进行开发！,管理端,"image.png,image.png,1c98165611e1f4e533c3a1729adca604_raw.mp4,image.png,153ec888ebdd48eda94d5dc36a43f57.png",,严重紧急,杨兴辉,已解决，待审核,驳回，需要重新修改,2025/12/27
商户、物业进件针对企业账户要做位数优化，附件中有常见银行位数信息,"物业端, 商家端, 管理端","eee210a46a713ec70ce1d1e9a277077.png,a69eb7d2c7ef85a7c80271dd2685e4c.png",,严重紧急,杨兴辉,已解决，待审核,通过，任务关闭,2025/12/27
管理端辅助用户触发进件未成功进入相应流程,管理端,df2bfa22f129ce06f0ceeaeb5f7e8a06_raw.mp4,,严重紧急,杨兴辉,已解决，待审核,暂未遇到触发条件,2025/12/27
商户端设置的聚惠金返还限制没有起到实际作用，我这边测试的场景是：管理端设置30%上限，商家自行设置20%上限，创建商品时不设置使用默认数值，商品成功创建后返还数值为5%,商家端,"Screen Recording 2026-01-01 at 02.23.48.mov,20251231-0419-23.1935344.mp4,20251227-1122-51.6089288.mp4",,严重紧急,user720283,已解决，待审核,通过，任务关闭,2025/12/27
商家申请聚惠金提现，手续费不得低于0.01。2025年12月31日记录：前置条件被封堵，无法进行相关测试，自动驳回,商家端,"Screen Recording 2026-01-05 at 15.36.21.mov,image.png",,严重紧急,杨兴辉,已解决，待审核,通过，任务关闭,2025/12/27
物业端分账出现严重问题：金额不对，我订单金额是30，聚惠金抵扣10，实际支付20，但是实际到账10,物业端,f4be24653b793f53bb472ba378bb428.png,,严重紧急,杨兴辉,已解决，待审核,通过，任务关闭,2025/12/27
管理端接收方设置功能需要编写使用说明，使用有点太抽象了,管理端,image.png,,严重紧急,杨兴辉,已解决，待审核,通过，任务关闭,2025/12/27
管理端审核页面和商家端商户信息查看和修改页面要添加“许可证”的展示和查看，同时对所有端口的查看详情与审核都应该如屏幕右侧所示。2026年1月1日：管理端功能一实现但是商户端未实现,"管理端, 商家端","Screen Recording 2026-01-02 at 16.32.16.mov,20260101-1031-26.8628961.mp4,af03bf64471eaa79f5b12ae758b8361.png",,严重紧急,杨兴辉,已解决，待审核,通过，任务关闭,2025/12/27
分佣功能实际分佣规则实现存在问题。2026年1月1日：物业端分润仍未实现,管理端,"1c0fe8c4e9afa4f4067a8a30811d59c.jpg,image.png,edae2cdc750989a29649134394ec4a4.jpg,e65fc29bf64a9910ff4f6535c43e240.jpg,0ec2976c28417713b12b5068b692948.png",,严重紧急,杨兴辉,已解决，待审核,通过，任务关闭,2025/12/27
自提点端同一账号下账目和物业端混淆了，自提点的直接收入没有在提现管理展示,自提点端,25954cd1f6de9e570bba1b89008dfc1.png,,严重紧急,杨兴辉,已解决，待审核,通过，任务关闭,2025/12/27
管理端，商家端，微信支付:风险待处理，能否在管理后台查看到商户收款功能被限制或者其它异常，微信支付这边需要平台有风控能力，那么我们需要及时知晓商户状态异常，及时跟进改正。,客户端,image.png,,等待排期,杨兴辉,已解决，待审核,待验收,2025/12/27
商家端，此配置距离限制了什么(对骑手还是用户生效？具体逻辑是什么？),商家端,image.png,,下一阶段待办,杨兴辉,已解决，待审核,通过，任务关闭,2025/12/27
系统内物业端进件状态反馈与微信后台状态反馈不一致。请注意此为物业端进件问题，需要对状态判别部分代码重新审查［此商户客户通过与微信官方沟通，确认为审核通过，待签约状态］,"物业端, 管理端","mmexport1766901978657.png,mmexport1766901958027.png",,严重紧急,杨兴辉,已解决，待审核,暂未遇到触发条件,2025/12/28
商家删除产品需要二次确认（包括批量删除）同步删除后，管理端同时下架并删除商品，,"管理端, 商家端",,,严重紧急,杨兴辉,已解决，待审核,通过，任务关闭,2025/12/29
商品与商家审核列表应该默认将待处理的条目排在最前面方便管理员处理、同时支持根据处理状态条件查询,管理端,,,严重紧急,杨兴辉,已解决，待审核,通过，任务关闭,2025/12/29
客户端配送方式显示与实际设置不一致，信息存在错配容易引发用户误判,客户端,mmexport1767001903273.jpg,,严重紧急,杨兴辉,已解决，待审核,通过，任务关闭,2025/12/29
商品上架，用户端看到的也是错误的图片，商户端手动上传只调用了“产品详情”的最后一张图，此问题严重影响用户体验需要进行修正,"商家端, 客户端","Screen Recording 2025-12-31 at 10.32.08.mov,961410f5c9a5ba16298a36487c5d590a.mp4",,严重紧急,杨兴辉,已解决，待审核,通过，任务关闭,2025/12/30
分账设置中分账角色与分账需求规约不一致，需要严格按照规约内容进行编写防止出现错误解读，整体分账流程需要围绕此设计进行适配，视频中“分销方”无法第一时间明确具体角色具有迷惑性，请直接修改为“物业”或业务员防止出现错误理解。2026年1月12日：已有相同问题记录，此问题关闭,管理端,"Screen Recording 2026-01-05 at 14.14.44.mov,image.png,image.png,image.png,image.png,image.png,image.png",,严重紧急,杨兴辉,已解决，待审核,通过，任务关闭,2025/12/30
消费金金额存在扣成负数的情况，在此状态下仍提示还有没用完的消费金,客户端,img_v3_02tf_35db60ba-dbaa-4e3b-b885-257450ea3cfg.jpg,,严重紧急,杨兴辉,已解决，待审核,通过，任务关闭,2025/12/30
用户购买界面配送费展示存在错误，商品下单页面显示免费配送，而支付页面却要收取配送费,客户端,"飞书20251230-154107.mp4,img_v3_02tf_f5584c5f-a893-423d-9d3b-ec84e5058b0g.jpg,img_v3_02tf_76a49e05-38d3-499c-ae0a-6424524c51bg.jpg",,严重紧急,杨兴辉,已解决，待审核,通过，任务关闭,2025/12/30
实际分账与管理端显示分账存在严重不符（缺少管理后台记录的1.65的物业分润），此问题为严重紧急，会直接影响到平台对项目的管控,管理端,"img_v3_02tf_c23b58ba-6620-498a-b6ab-bc910e1cc0dg.jpg,img_v3_02tf_2829b178-47b4-488d-a720-c73240f20fag.jpg",,严重紧急,杨兴辉,已解决，待审核,通过，任务关闭,2025/12/30
分账过程中对商家设置的快递费用应该不参与任何抽佣（图片内55元实际付款=50商品费用+5元不参与任何抽佣的快递配送费）,"管理端, 商家端",3721c74217239197fc4f560377709b3.png,,严重紧急,杨兴辉,已解决，待审核,通过，任务关闭,2025/12/30
闪送费用与管理端的设置不一致，此问题为严重紧急需要立即修复。介质2026年1月1日监测实际仍未修复,管理端,"Screen Recording 2026-01-02 at 17.36.16.mov,595b6ffd0e437738bf46e36324340ae.jpg",,严重紧急,杨兴辉,已解决，待审核,通过，任务关闭,2025/12/30
自提点无法正常绑定，此问题直接影响自提点用户使用，需要立即修复,自提点端,飞书20251230-160852.mp4,,严重紧急,杨兴辉,已解决，待审核,通过，任务关闭,2025/12/30
自提点基础信息所有端口没有任何可编辑渠道,自提点端,image.png,,严重紧急,杨兴辉,已解决，待审核,通过，任务关闭,2025/12/30
配送费计算错误，闪送配送费为系统设置的两倍,"客户端, 管理端","Screen Recording 2026-01-01 at 01.13.14.mov,img_v3_02tf_d5c15ef1-ed15-485f-b712-f2003628332g.jpg,image.png",,严重紧急,杨兴辉,已解决，待审核,通过，任务关闭,2025/12/30
管理端的所有“详情查看”、“审核”操作中所有的图片需要支持点击放大查看完整图片功能,管理端,,,严重紧急,杨兴辉,已解决，待审核,通过，任务关闭,2025/12/30
管理端审核驳回后，商家端更换了正确的照片，再次提交审核，管理端还是显示原来不符合的照片,"管理端, 商家端",image.png,,严重紧急,杨兴辉,已解决，待审核,暂未遇到触发条件,2025/12/30
管理端经营账户管理没有展现实际平台内的钱款数据，无法起到安全管控的功能,管理端,image.png,,严重紧急,杨兴辉,已解决，待审核,通过，任务关闭,2025/12/30
商户端个人商户提现操作后钱款显示“审核通过”但是没有实际到账，重试打款被系统拦截（错误码400）关乎钱款流向，此问题为严重紧急。2025年12月31日更新：个人商户提现没有到账，同时重试操作按键被封禁无法进行重试操作，审核驳回。2026年1月12日：打款无重试操作，审核二次驳回,"商家端, 管理端","19a8b7600fbe4444208add2abd88a3d1.mp4,da2389731b15ae89a03fd8d086ecfa6e_raw.mp4,20251230-0859-20.5484430.mp4,image.png",,严重紧急,杨兴辉,已解决，待审核,暂未遇到触发条件,2025/12/30
商品上架还涉及“条码”问题，应该可以输入条码，订单可以调取商品条码，方便商家分货；这个先记录一下，明年再优化,,,,等待排期,杨兴辉,未解决,待验收,2025/12/30
除了管理端以外其他端口对应对详情页面也需要支持点击放大查看完整图片功能,"物业端, 商家端, 骑手端, 自提点端, 客户端",,,阶段性优先解决,杨兴辉,已解决，待审核,通过，任务关闭,2025/12/30
分佣规则已经进行了明确的界定（千店千法），需要对自提点端的分润规则讲解进行重新编写，防止用户出现疑惑,自提点端,image.png,,阶段性优先解决,杨兴辉,已解决，待审核,通过，任务关闭,2025/12/30
"发现新bug,表格录入时截止日期可以早于起始日期，解析过程需要添加数据校验和错误提醒过",物业端,ed41a57075b5ba1c61e65fb80d24449f_raw.mp4,,阶段性优先解决,杨兴辉,已解决，待审核,通过，任务关闭,2025/12/30
商户主动拒单+操作退款后钱款没有成功退款,商家端,"1767347446257.jpg,Screen Recording 2026-01-02 at 17.48.51.mov,20260101-0838-13.2286841.mp4,image.png,b07bd7c0faf7da7a76f4710fcfd9942.png,97aee157b4d188a2833167b16a88157f_raw.mp4",,严重紧急,杨兴辉,已解决，待审核,通过，任务关闭,2025/12/31
没有找到查看物业费导入失败后记录的条目列表入口，此问题为特定条件下UI展示触发问题，需要进行修正,物业端,"Screen Recording 2026-01-01 at 02.49.25.mov,ef1204d89c137ac66c1e59d71bad182.png,6a0dc156e45f676bd6d93660c56ee62a_raw.mp4",,严重紧急,杨兴辉,已解决，待审核,通过，任务关闭,2025/12/31
消费金扣除展示存在问题，实际为过期扣除缺展示为消费扣除，容易引起用户疑惑和后续扯皮。2026年1月15日：审核驳回，详情请查看图片描述,客户端,"image.png,Screen Recording 2026-01-02 at 18.25.49.mov,928ee99fa23b392c46f958c0245616fc.mp4",,严重紧急,杨兴辉,已解决，待审核,驳回，需要重新修改,2025/12/31
商户端查看分账金额加算后不等于商品价格，与图片中的展示设置要求不一致。2026年1月15日：计算后金额仍不符审核驳回，请看视频,商家端,"20260115-1510-15.9624691.mp4,1767354805955.jpg,5b7f3a68fa793ef998b479222340bb24_raw.mp4,image.png",,严重紧急,杨兴辉,已解决，待审核,驳回，需要重新修改,2025/12/31
测试发现商家端没有办法设置聚惠金抵扣了（所有端口相关的设置都消失了），这里与需求分析时确立的“管理端可以设置单个商户使用聚惠金抵扣的权限”不同，此问题为严重紧急问题，请立即修正。请注意在未与客户达成一致的情况下严禁修改项目功能实现！,"管理端, 商家端",Screen Recording 2026-01-02 at 20.59.10.mov,,严重紧急,杨兴辉,已解决，待审核,通过，任务关闭,2025/12/31
发现严重bug，用户付款为零时出现了聚惠金返还，此问题严重影响资金安全，需要立即解决（必须设置聚惠金抵扣和聚惠金返还不能同时出现，聚惠金返还必须按照实际支付金额［注意不包含配送费］进行计算）,客户端,6133dc4c7f2e0c2df374db7d5893c116.mp4,,严重紧急,杨兴辉,已解决，待审核,通过，任务关闭,2025/12/31
商户端提现手续费计算方式错误，提现弹窗为1%费率，实际执行为0.6元默认手续费，此问题直接影响平台资金健康，为严重紧急问题,商家端,"1767366362571.jpg,2778cd71fa007c17d12eb5a7d376118.png",,严重紧急,杨兴辉,已解决，待审核,通过，任务关闭,2025/12/31
骑手端“联系客服”点击按键操作无法跳转到拨号界面,骑手端,img_v3_02tg_8cbc1502-3fbd-46b5-8018-90d45b4d796g.jpg,,阶段性优先解决,杨兴辉,已解决，待审核,通过，任务关闭,2025/12/31
用户解绑自提点后再次绑定其他自提点会被系统拒绝,自提点端,c6e27478c5d1d3ddfeaec6576929c08e.mp4,,严重紧急,杨兴辉,已解决，待审核,通过，任务关闭,2026/01/01
"自提点端修改信息功能并发性bug,提交审核后管理端查看和操作通过会报错“数据不存在”，此问题只会在“商家审核”位置出现，在“自提点审核”位置一切正常","管理端, 自提点端",20260101-1102-22.3948997.mp4,,严重紧急,杨兴辉,已解决，待审核,通过，任务关闭,2026/01/01
管理端分账明细板块存在缺少部分订单列表中订单信息的问题，如订单号：202512251542091822,管理端,image.png,,严重紧急,何新军,已解决，待审核,暂未遇到触发条件,2026/01/01
系统对进件商户能够正确实现抽佣行为，但是对个人商户（未进件）无法实际抽佣[此功能修复时可能需要登录商户后台比对确认],管理端,"1767372840788.jpg,image.png,b10565cd553961f0f2df801c97787a0.png,d6d017f6f55d53dc7720a62b010a399.png",,严重紧急,杨兴辉,已解决，待审核,通过，任务关闭,2026/01/01
商户“新军小店”存在未被系统记录的实际退款，需要复现此情景的具体实现路径并进行修复，保证所有退款信息被成功记录,管理端,"Screen Recording 2026-01-03 at 01.09.44.mov,6ec9df420de50813c3902ba6eeb254d.jpg,image.png",,严重紧急,杨兴辉,已解决，待审核,暂未遇到触发条件,2026/01/01
自提点信息更新提交后触发报错,自提点端,"Screen Recording 2026-01-10 at 16.31.43.mov,image.png",,阶段性优先解决,杨兴辉,已解决，待审核,通过，任务关闭,2026/01/01
客户端周期性服务页面无法正常展示顶部“月份及星期及展示和筛选”区域（可能为焦点定位问题），需要进行修复,客户端,f37c3c281f57a4704d0ead178ab030f6.mp4,,阶段性优先解决,杨兴辉,已解决，待审核,通过，任务关闭,2026/01/03
客户端周期性服务卡片部分“社区”需要直接展示社区名称辅助用户判别是否为自己社区的活动（取消类似“本社区”的描述），防止误判,客户端,"Screen Recording 2026-01-04 at 01.37.05.mov,image.png",,严重紧急,杨兴辉,已解决，待审核,通过，任务关闭,2026/01/03
管理端服务审核部分展示信息缺少“服务类型”、周期性定点服务的“服务位置”的信息，需要进行补全,管理端,7f58eb156934b96862f4893371f3e64.png,,严重紧急,杨兴辉,已解决，待审核,通过，任务关闭,2026/01/03
商家端创建服务时需要添加如普通商品的“规格”属性，方便用户做细化筛选,商家端,Screen Recording 2026-01-11 at 00.28.01.mov,,阶段性优先解决,杨兴辉,已解决，待审核,通过，任务关闭,2026/01/03
“服务类目”商品因特殊性需要在客户端设置“定金不退”规则提示并在服务创建中可以设置，在实际退款中能够实现（定金最终是否退还由管理端裁定）[配图为某服务商家的真实商品说明],"商家端, 管理端","Screen Recording 2026-01-11 at 19.55.01.mov,4a683d2df13eda8b562b0f1839dfd0a.png",,阶段性优先解决,杨兴辉,已解决，待审核,通过，任务关闭,2026/01/03
客户端“供销商城”和“分类”页面（同一路由）需要能够展示服务类商品，方便其获取更多曝光,客户端,4c9aa9f87fd581c7c9c1336ca157271c.mp4,,阶段性优先解决,杨兴辉,已解决，待审核,通过，任务关闭,2026/01/03
客户端商品列表无法正常滑动查看,客户端,"Screen Recording 2026-01-05 at 12.16.25.mov,mmexport1767528384684.mp4",,严重紧急,杨兴辉,已解决，待审核,通过，任务关闭,2026/01/04
商户端创建商品时的商品栏目选项需要移除“外卖”、“团购”、“物业公司”类目，同时客户端也应该做相应的调整,"客户端, 商家端",mmexport1767528501189.jpg,,阶段性优先解决,杨兴辉,已解决，待审核,通过，任务关闭,2026/01/04
商家端商品创建需要支持一个商品在多个栏目位置展示,商家端,mmexport1767528619347.png,,阶段性优先解决,杨兴辉,已解决，待审核,通过，任务关闭,2026/01/04
管理端商品审核里详情页无法正常查看商品的多规格信息,管理端,Screen Recording 2026-01-10 at 02.21.06.mov,,阶段性优先解决,杨兴辉,已解决，待审核,通过，任务关闭,2026/01/04
客户端推荐栏目中若商品为消费金可抵扣，那么也应该于“消费金专区一样”显示优惠后的价格,客户端,"Screen Recording 2026-01-08 at 01.01.33.mov,image.png",,严重紧急,杨兴辉,已解决，待审核,通过，任务关闭,2026/01/07
客户端小程序需要隐藏MVP暂时不上线的区域,客户端,"Screen Recording 2026-01-08 at 01.01.33.mov,1555f5ca63d418bdbd917c4f12d55a8.png",,严重紧急,杨兴辉,已解决，待审核,通过，任务关闭,2026/01/07
"1：下单未输入收货人信息也能下单，导致商家及打印机，自提点均无法知晓收货人信息。
配送方式，自提点时间的合并，订单备注的空间压缩，尽量展现全部内容",客户端,"image.png,image.png",,严重紧急,杨兴辉,已解决，待审核,通过，任务关闭,2026/01/08
所有端口APP均需要有忘记密码重置功能，并在MVP后的S1版本（即最终验收版本）手机号验证码方式认证,"客户端, 物业端, 商家端, 骑手端, 自提点端",,,等待排期,杨兴辉,未解决,待验收,2026/01/08
app注册流程无上传照片功能，妨碍管理端对自提点进行审核，需要补充相关信息与网页版本一致,自提点端,"image.png,img_v3_02to_9df62498-11c7-4858-8fb5-63feb6dc153g.jpg",,严重紧急,杨兴辉,已解决，待审核,通过，任务关闭,2026/01/08
自提点端存在ListView滚动组件嵌套导致的交互缺陷（根据实际测试进行的推断）页面上滑后均无法下滑恢复原点，详情请查看视频 ,自提点端,"Screen Recording 2026-01-09 at 19.11.50.mov,飞书20260108-195920.mp4",,严重紧急,杨兴辉,已解决，待审核,通过，任务关闭,2026/01/08
自提点端和商家端app查看订单详情页面缺少用户信息,"自提点端, 商家端","Screen Recording 2026-01-09 at 19.28.39.mov,img_v3_02to_85e0b22b-4123-4685-be5e-8beae2b7963g.jpg",,严重紧急,杨兴辉,已解决，待审核,通过，任务关闭,2026/01/08
物业端发放的消费金不能永久有效可以默认设置几个选项 1：7天    2:  30天    3：半年    4:  1年  （管理后台可以配置物业能发放的消费金有效期时间） 。物业端网页版也应该同步修改,物业端,,,严重紧急,杨兴辉,已解决，待审核,通过，任务关闭,2026/01/08
各端app在MVP版本需要开通语音播报功能，方便用户及时接收到系统消息,"物业端, 商家端, 骑手端, 自提点端",,,严重紧急,杨兴辉,已解决，待审核,暂未遇到触发条件,2026/01/08
自提点端app用户无法正常使用定位功能,自提点端,342687aae273e4cc55c999e05a85117d.mp4,,严重紧急,杨兴辉,技术债,待验收,2026/01/09
商户端app未添加摄像头权限。2026年1月20日：1.0.11.apk安装后仍为1.0.10版本，不能实现唤起摄像头功能,商家端,"飞书20260120-110559.mp4,877abdd88e2446dd5c8534aa4bd67dc7.mp4",,严重紧急,杨兴辉,已解决，待审核,驳回，需要重新修改,2026/01/09
管理端商户信息查看展示字段错误，需要检查对应解析方法修正,管理端,966c866b1fb61e9b2356c631e5d6a85.png,,严重紧急,杨兴辉,已解决，待审核,通过，任务关闭,2026/01/09
商户端app个人界面显示的销售额字段未正确接入，需要保证该组件接入真实数据,商家端,28b816a841a3b6717c4722b0bd207fc8.mp4,,严重紧急,杨兴辉,已解决，待审核,暂未遇到触发条件,2026/01/09
系统级联删除功能缺失，物业、小区、自提点、商家和商品删除后用户绑定的信息也应该同步删除（已经完成的订单信息除外），防止出现系统级bug,管理端,"img_v3_02tq_df6c6d7c-c744-4aa1-9066-c8b4894ae16g.jpg,image.png",,阶段性优先解决,杨兴辉,已解决，待审核,暂未遇到触发条件,2026/01/10
物业端无法自主审核小区住户绑定，管理端同样无相关功能设置,物业端,20260110-1409-21.0470807.mp4,,严重紧急,杨兴辉,已解决，待审核,通过，任务关闭,2026/01/10
商户端聚惠金抵扣提示与实际限制比例不符，需要以最低设置为准，详情可查看视频,商家端,20260110-1431-28.1396122.mp4,,严重紧急,杨兴辉,已解决，待审核,通过，任务关闭,2026/01/10
商家提现请求计算的金额是错的，需要进行修正,商家端,"Screen Recording 2026-01-13 at 00.58.26.mov,8bd87dd28a6ff555755d74221390d0c.png,28724d9b618903588ad6ee6e2683e379_raw.mp4,7f2ced98a949cdd74d30863ea98fa6c.jpg",,严重紧急,杨兴辉,已解决，待审核,通过，任务关闭,2026/01/12
商家端提现需要有最低提现数额设置（比如低于一元禁止提现）,商家端,Screen Recording 2026-01-13 at 02.09.41.mov,,严重紧急,杨兴辉,已解决，待审核,通过，任务关闭,2026/01/12
展示字段修正：聚惠金返还《改》聚惠金抵扣,管理端,6ae0a99a7ab6e53e7ff9b8ea71989c8.png,,严重紧急,杨兴辉,已解决，待审核,通过，任务关闭,2026/01/12
个人商家的入账托管账户和商家提现账户应设置成同一账户便于对账,管理端,,,严重紧急,杨兴辉,已解决，待审核,暂未遇到触发条件,2026/01/12
物业端用户列表无法查看楼号和单元号信息，同时存在多个用户申请成为同一住宅户主未被识别并拦截的问题。2026年1月15日：物业端用户列表无法查看楼号和单元号信息问题仍未解决,物业端,"image.png,Screen Recording 2026-01-13 at 17.21.52.mov,fbf58ac5933c8b00e245cd4f3cede5a.png",,严重紧急,杨兴辉,已解决，待审核,通过，任务关闭,2026/01/12
客户端用户绑定小区显示的奖励消费金金额与物业端后台实际设置不符“物业后台改为绑定自动发放100了，但是用户选择小区，还是显示300”,客户端,"Screen Recording 2026-01-13 at 17.27.02.mov,959887c0201d2ea425073a5992d1809.jpg",,严重紧急,杨兴辉,已解决，待审核,通过，任务关闭,2026/01/12
企业级商户的分佣明细没有修正成“部分展示形式”,商家端,faf4548471376eaff46aea437215183.png,,严重紧急,杨兴辉,已解决，待审核,通过，任务关闭,2026/01/12
分账未实现“聚惠金”返还的默认金额扣除（图示表单显示为正确的金额但是商户实际并未被扣除聚惠金金额），此问题为高危问题需要立即修正,商家端,faf4548471376eaff46aea437215183.png,,严重紧急,杨兴辉,已解决，待审核,暂未遇到触发条件,2026/01/12
用户使用聚惠金抵扣消费的情况下会导致商家应收货款为负数的情况，需要追溯问题并修复,商家端,faf4548471376eaff46aea437215183.png,,严重紧急,杨兴辉,已解决，待审核,暂未遇到触发条件,2026/01/12
自提点提现无法到账,自提点端,image.png,,严重紧急,杨兴辉,已解决，待审核,暂未遇到触发条件,2026/01/12
商家端》配送方式》闪送的起送金额改后无效,商家端,30633d3e8a0ed5614a2e4a5493c6ec33.mp4,,严重紧急,飞书用户9544WS,已解决，待审核,待验收,2026/01/14
周期性服务日历展示错误，日历上标识有服务的点击以后无法正常显示。2026年1月20日：根据测试无法判断问题出现原因和解决情况,客户端,"飞书20260120-113335.mp4,20260115-1425-03.0009094.mp4",,阶段性优先解决,杨兴辉,已解决，待审核,驳回，需要重新修改,2026/01/15
商家端app联系买家按键与收货人电话icon不能够实现拨打电话功能，缺少点击备货实现,商家端,50de9173f64c6d2c59faf53eb51c66b.jpg,,严重紧急,杨兴辉,已解决，待审核,通过，任务关闭,2026/01/15
严重问题:2个商家的产品加入购物车后支付，变成一个商家的订单，合单支付问题，合单支付后钱款到账与分账是否正确对应,商家端,,,严重紧急,杨兴辉,已解决，待审核,暂未遇到触发条件,2026/01/15
商户提现重试打款缺少超时后的错误处理机制，无法处理历史打款失败订单。2026年1月20日：重试打款测试未通过，报错提示余额不足可能和经营账户余额不足/商家经营账户余额不足（大概率为此）有关，需要先执行商家经营账户扣除余额回退，再执行重试打款操作,管理端,"20260120-0326-30.4214932.mp4,20260115-1446-36.2771105.mp4",,严重紧急,杨兴辉,已解决，待审核,驳回，需要重新修改,2026/01/15
骑手端需要完善系统状态机处理多骑手抢单问题,骑手端,image.png,,严重紧急,杨兴辉,已解决，待审核,暂未遇到触发条件,2026/01/15
所有合作伙伴的密码后台添加一下重置,,,,阶段性优先解决,飞书用户9544WS,已解决，待审核,通过，任务关闭,2026/01/16
商户端商品单位增加：条、箱、只、条、提、块,商家端,,,严重紧急,杨兴辉,已解决，待审核,通过，任务关闭,2026/01/19
无效数据全部清空（数据看板全部要对应上）【此操作等待所有功能点bug验收通过后进行】,管理端,,,,飞书用户9544WS,未解决,待验收,2026/01/22
客户端购物车部分用户创建包含多个商家商品的订单后系统应支持自动按照商家、商品类型拆分并创建多个不同订单,"管理端, 客户端",ed140f74e5ea974c0e9b4d5a7651550.png,,严重紧急,飞书用户9544WS,已解决，待审核,通过，任务关闭,2026/01/22
需要开发编写完善的分账配置说明文档，包含不同类型商户的钱款流动链路、多层级分账设置、提现功能，的说明,管理端,,,严重紧急,飞书用户9544WS,已解决，待审核,待验收,2026/01/22
客户端区域商家识别范围应该修正为县城、区（目前所在同一市级行政单位下的所有店铺都可以被定位在此城市的用户获取和发现）,客户端,,,严重紧急,飞书用户9544WS,已解决，待审核,待验收,2026/01/22
各端IOSapp需要上传至testflight并开启“外部测试 (External Testing)”，具体操作参考文档,"物业端, 商家端, 骑手端, 自提点端",ios分发指南.pdf,,严重紧急,飞书用户9544WS,已解决，待审核,待验收,2026/01/22
小程序部分界面空间压缩下，例如图,客户端,1b2a53e5a2c4064c801b330f947a94c.jpg,,严重紧急,飞书用户9544WS,已解决，待审核,通过，任务关闭,2026/01/22
用户最近订单状态显示不对,,3f9d32b924bf93671a9730bad263731.png,,,飞书用户9544WS,已解决，待审核,通过，任务关闭,2026/01/27
自提点佣金显示错误（3%）,,acbd69b6dfaea939dd73fc78e96eda0.png,,,飞书用户9544WS,已解决，待审核,通过，任务关闭,2026/01/27
自提点已通过审核几天，任然无法操作，商家端也一致有同样问题,,"151b122a00c6ad108cc0966b2e3e612.png,259e78b5333fb0f6a27ae23fe8131e7.png,4017e5719453b9ca9a6ed3715d80af6.png",,严重紧急,飞书用户9544WS,已解决，待审核,通过，任务关闭,2026/01/27
分享页面需要单独分享这个服务为封面，与商品一致，图片需要符合分享的尺寸，服务类的详情也未展示，产品的分享看前面2图实现，谢谢    注：分享到微信页面（按照1图展示价格）按照1图修改字样，谢谢,,"微信图片_20260131120257.png,微信图片_20260131120253.png",,严重紧急,飞书用户9544WS,已解决，待审核,通过，任务关闭,2026/01/27
服务板块，商家联系方式需要向用户端隐藏,,6f85778da2a438150534eba8995dcf4.png,,阶段性优先解决,飞书用户9544WS,已解决，待审核,通过，任务关闭,2026/01/27
商家分账展示金额错误,,022107f33411ac76156116790ca48eb.png,,严重紧急,飞书用户9544WS,已解决，待审核,待验收,2026/01/27
"骑手端不正常，一直未有单显示，每次打开APP需要点击上线及接单配置，需要调整只要未退出登录或者手动下线，需要一直在线，保持可接单提醒状态,来单提醒",,,,严重紧急,飞书用户9544WS,已解决，待审核,驳回，需要重新修改,2026/01/27
"个人中心的关于我们，需要向用户展示协议，官方要求，后台需要可配置协议上传的地方，协议内容包括各方合作伙伴申请合作时候的阅读并同意签署协议，还有向用户展示的协议都有地方上传
注：需要可上传文档，现在只能文字类型，用户展示的排版不对，另需要各方入住时间确认签署，并且各端可查看签署的文件",,ad5ad2c8659b7f9b9fa9084f86ac894.png,,阶段性优先解决,飞书用户9544WS,未解决,驳回，需要重新修改,2026/01/27
所有端的下单时间均未与北京时间同步,,4b6a26bfdefc82d95d38c02df76ccc6.png,,严重紧急,飞书用户9544WS,已解决，待审核,通过，任务关闭,2026/01/27
"1外卖板块的UI与外卖商家配置的展示需要完善，（需要修改商家表单，添加外卖主营类型字段［string/Jason］，达到一个外卖商家可以在多种外卖主营类型中展示（比如：“四级家常菜”店铺在用户点击包子水饺、家常炒菜时均可展示）
字段限制如下（直接参考美团）                                                           注：驳回原因，完全未按照UI来，还是商城一致的，那么完全没有意义， 需要开通外卖的商家才能在此展示，UI需要重新定义，分类也需要按店铺类型定义
",,e06950153372308805287f8b0d1dde0.png,,严重紧急,飞书用户9544WS,已解决，待审核,驳回，需要重新修改,2026/01/27
服务板块需要进行测试支付款与定金不退款的实现,,,,严重紧急,飞书用户9544WS,已解决，待审核,待验收,2026/01/27
物业端的审核用户，查看不到用户信息，还有数据看板未正常，另外房屋栋号需要添加abcd这样也能数字，是否物业端未更新,,"74082337a2d134c288d06c593058363.jpg,b0c76902f832689602bfe72dbd54bb0.jpg",,严重紧急,飞书用户9544WS,已解决，待审核,待验收,2026/01/27
站内消息的展示与快捷处理，已读消息的自动处理未实现,,ede2644c52132cd4b00111f3cbe3ce6.png,,阶段性优先解决,飞书用户9544WS,已解决，待审核,待验收,2026/01/27
商家接单，备好货与发货一键操作，骑手接单送达二次操作，自提点核销一键操作，简便流程，三端搭配协调流程，各端的数据用户未完成支付均不予展示及数据看板计算。                                注：此项需辛苦开发帮测试流程跑通，各方的便捷操作与展示状态核对，核对用户端订单状态与以上三端步骤是否一致。   ,,"eb8ce9df0fb7be37d094a4ec4033a8ab.mp4,633a6d4e482bab7ff9a7acad05a58b96.mp4",,严重紧急,飞书用户9544WS,已解决，待审核,驳回，需要重新修改,2026/01/27
1一键微信名称，头像，电话同步授权，简便用户操作   注：现在太复杂了，基本用户不选择头像及填写名称，需要简化及突出需要点击的地方颜色区分,,,,等待排期,飞书用户9544WS,未解决,驳回，需要重新修改,2026/01/27
管理端展现的信息需要齐全,,image.png,,阶段性优先解决,飞书用户9544WS,已解决，待审核,通过，任务关闭,2026/01/27
"所有合作伙伴的证件类型在所有查看与审核界面需要正确展示类型，
注：看图，自提点审核界面的主体类型任全展示的企业，是否漏掉了，请检查下",,"image.png,9edf405501cb59f61aeb7f435792ac1.png",,严重紧急,飞书用户9544WS,已解决，待审核,通过，任务关闭,2026/01/27
隐藏1：隐藏登录后选择绑定步骤（直接跳过）让用户下单首次选择自提点作为下次默认首选，2：隐藏下单界面的的优惠券（暂无先隐藏）,,,,严重紧急,飞书用户9544WS,已解决，待审核,通过，任务关闭,2026/01/28
商品能否生成二维码，商家打印商品二维码，用户扫码快速下单付款现场带走？如不能实现在文字最前面标1，谢谢,,,,等待排期,飞书用户9544WS,未解决,待验收,2026/01/28
管理端审核商品不可见多规格，需要添加多规格可查看，服务端也需要审核全部信息，用户查看商品有多规格的多规格位置添加原价价展示优化,,"image.png,image.png,1769786108864.png",,严重紧急,user720283,已解决，待审核,通过，任务关闭,2026/01/28
"加急增加工单：客户这边对于客户端下单界面，需要新增一个限购功能，要求对每一个商品能够设置单个账号在特定周期内（比如每周/每日/每月）能够购买的数量。
同时需要对规格进行定制化限制：如a规格，每月限购一份，b规格每月限购三份。如果满足其中一个规格限制，则另一规格无法购买（达到商家亏钱影流品的限购目的）",,,,等待排期,飞书用户9544WS,未解决,待验收,2026/01/31
要求用户绑定自提点自动通过并按配置发放消费金,,,,严重紧急,飞书用户9544WS,已解决，待审核,通过，任务关闭,2026/02/01
商品配置里面的产品数量未随订单的数量相应减少，限购未起到作用,,,,严重紧急,飞书用户9544WS,已解决，待审核,待验收,2026/02/02
"自提点分润查询未正确，内外展示不一致（账号：15616699312  密码：123456）流程及到账展示步骤进行测试,    注：需要测试佣金的数据核对，提现情况操作需要优化简单。",,"1770388218216.png,1770388208154.png,1770388200708.png",,严重紧急,飞书用户9544WS,已解决，待审核,待验收,2026/02/06
各端申请页面，填写及选择数据的位置空间仔细核对，各端能顺利填写及选择，查看信息，避免填写空间不足导致合作商申请操作带来困扰。细节问题，请按照用户角度进行一遍操作后再优化，谢谢,,"1770688575839.png,1770688620549.jpg",,严重紧急,飞书用户9544WS,已解决，待审核,通过，任务关闭,2026/02/08
管理端数据看板需要全部细致过一遍，数据看板的准确性及数据可点击跳转查看，图案列，管理端各项需核对（不限于管理端）,,image.png,,阶段性优先解决,飞书用户9544WS,已解决，待审核,驳回，需要重新修改,2026/02/10
商家产品列表的图片放大无效，请优化可放大，商家产品导出导入有误（详情图文未导出），未明确,,"35847cca41d3faf95f4284821dec3f6.jpg,1770708143504.png",,阶段性优先解决,飞书用户9544WS,已解决，待审核,通过，任务关闭,2026/02/10
消费金送后不退回（原因：现在退回问题太多，不适合），最多2个自提点赠送后解绑均不退，2个后再绑定不赠送。      图像展示中的电话：13054064785（位置个人中心的合作申请里面）,,32898629c2fb2e76036e5cf47049ab9.jpg,,阶段性优先解决,飞书用户9544WS,已解决，待审核,待验收,2026/02/10
请查看并调整，未标识清楚未看懂请随时电话沟通，修改后请及时告知下，谢谢，可按文件发回告知,,2-12.docx,,严重紧急,飞书用户9544WS,已解决，待审核,待验收,2026/02/12
自提点佣金提现打款有误，此自提点佣金8.06，一共提现了4次8及8.06申请提现到账。,,"49bc128dbdcc13898193e025c5baa97.png,421262e7c89f818197283f44aeee0bf.jpg,1770876729709.jpg,1770876569761.jpg",,严重紧急,user720283,已解决，待审核,待验收,2026/02/12
新增加外卖商品，测试下单加入购物车显示商品不存在，无法进一步测试，如果外卖商家选择闪送自配送，那么闪的费用是否收取，收取到账是商家，还是在骑手专用账户（请给于说明）,,25d4ec70ae152b9ffecfc0e13a2add9.jpg,,严重紧急,飞书用户9544WS,已解决，待审核,驳回，需要重新修改,2026/02/12
"自提点，帐号：15673442131    密码：123456
这个自提点没有入账佣金？（注）佣金还是错误，不单独修改一家的逻辑，需要系统的正确。",,image.png,,严重紧急,飞书用户9544WS,未解决,驳回，需要重新修改,2026/02/15
用户签收，等待期48小时自动确认签收未实现,,,,严重紧急,飞书用户9544WS,未解决,待验收,2026/02/15
商家产品发布后，后台审核通过后直接上架，无需商家再点上架,,,,,飞书用户9544WS,未解决,待验收,2026/02/15
服务板块定金“不可退款”功能系统需要设置为“距离预约时间半小时内不可退”,客户端,,,重要紧急,杨兴辉,未解决,待验收,2026/03/01
客户端服务板块详情页面部分顶部图片图文显示不全，需要进行优化,客户端,image.png,,重要紧急,杨兴辉,未解决,待验收,2026/03/11
商户端服务商品设置时对大类额外定价功能开发不全面，应支持同一大类不同选项支持不同加价规则，最终客户端实现效果可以参考附件图片,商家端,image.png,,重要紧急,杨兴辉,未解决,待验收,2026/03/11
客户端服务商品也需要添加购买数量选择功能,客户端,,,重要紧急,杨兴辉,未解决,待验收,2026/03/11
客户端服务板块需要添加服务预约时间监测限制，如当日3月2日则不可预约3.1的服务，当日中午10：00后只能预约10：00之后的时间段,客户端,,,重要紧急,杨兴辉,未解决,待验收,2026/03/11
商户端商品需要添加“限购数量”和“起购数量”两个参数，同时“限购”功能需要设置“每日/每周/每月/每季度/每年限购/永久限购”的时间限制和“家庭限购”的社会关系限制两种并行的规则,"客户端, 商家端",,,等待排期,杨兴辉,未解决,待验收,2026/03/11
服务板块也应该支持商品板块相同的“两金”规则和设置,"客户端, 商家端",,,重要紧急,杨兴辉,未解决,待验收,2026/03/11
用户预约服务查询只能通过“个人中心”中“我的预约”查看，不直观、不方便，服务版块中适宜增加个人预约查看，另需增加预约行程提醒，包括站内消息。,客户端,,,重要紧急,杨兴辉,未解决,待验收,2026/03/11
服务版块也需要与商城与外卖板块一样，需要支持服务类目选择和配置,"客户端, 管理端, 商家端",,,重要紧急,杨兴辉,未解决,待验收,2026/03/11
订单信息中“服务时间”、“下单时间”之类的修改为中文版式,客户端,image.png,,重要紧急,杨兴辉,未解决,待验收,2026/03/11
